Table Name,Schema,Description
Aircraft,dbo,"Aircraft master table storing aircraft details including tail numbers, aircraft types, commissioning dates, and maintenance schedules. Key columns: AircraftId (PK), TailNumber, AircraftTypeId (FK), CommissioningDate, LastCheck, TenantId. Relationships: Links to AircraftType table for aircraft specifications. Used for fleet management and maintenance tracking."
AircraftType,dbo,"Aircraft type specifications including make, model, seat configuration, and passenger capacity. Key columns: AircraftTypeId (PK), AircraftType, AircraftMake, SeatConfiguration, PassengerCapacity, TenantId. Relationships: Referenced by Aircraft table. Essential for flight planning and resource allocation."
AirportMaster,dbo,"Master data for airports with IATA codes, names, cities, and countries. Key columns: AirportId (PK), AirportCode, AirportName, City, CountryId (FK), TenantId. Relationships: Links to Countries table. Critical for flight routing and operations planning."
Asset,dbo,"Core asset management table tracking physical assets with comprehensive lifecycle data. Key columns: AssetId (PK), AssetNumber, Description, CategoryId, LocationId, DepreciationMethod, CheckoutStatus, SerialNumber, AssetCondition, TenantId. Relationships: Links to Location, Department, Owner tables. Central to asset tracking, maintenance, and financial management."
AssetDepreciation,dbo,"Financial depreciation tracking for assets over time. Key columns: Id (PK), AssetId (FK), DepreciationDate, AssetCost, DepreciatedValue. Relationships: Child table of Asset. Used for financial reporting and asset valuation."
AssetHistory,dbo,"Audit trail for all asset-related activities and changes. Key columns: AssetHistoryId (PK), AssetId (FK), Type, Description, CreatedOn, CreatedBy. Relationships: Child table of Asset, links to Users. Provides complete asset lifecycle tracking."
AutoIncrement,dbo,"System table managing auto-generated numbers with prefixes for various entities. Key columns: AutoIncrementId (PK), IncrementNumber, Prefix, PadNumber, Entity. Used for generating unique identifiers like ticket numbers, tool kit IDs."
BagHistory,dbo,"Real-time baggage tracking history at various scan points. Key columns: HistoryId (PK), BagId (FK), ScanPointId (FK), ScanTime, ScanUserId. Relationships: Links to BagList, ScanPoint, Users. Critical for baggage handling operations."
BagList,dbo,"Master baggage registry with current status and location tracking. Key columns: Id (PK), BagId, PassengerId (FK), CurrentStatus, LastSeenAt, LastSeenTime, Weight, TenantId. Relationships: Links to PassengerItinerary. Core table for baggage management system."
BedAllocation,dbo,"Hospital bed allocation and patient assignment tracking. Key columns: BedAllocationID (PK), WardLocationID, BedID, PatientID, StartFrom, EndAt, isActive, OTScheduleID. Relationships: Links to MasterBeds, Patients, OTSchedule. Used in healthcare facility management."
BinMaster,dbo,"Warehouse storage bin management with capacity and location details. Key columns: BinId (PK), BinCode, RackCode, AisleCode, Levels, WeightCapacity, Status, BinTypeId, TenantId. Essential for warehouse operations and inventory management."
BLETagAllocation,dbo,"Bluetooth Low Energy tag assignment for asset and personnel tracking. Key columns: BLEAllocationID (PK), BLETagID (FK), PatientID, StaffID, AssignedOn, IsActive, AllocationType. Relationships: Links to BLETags, Patients, Staff. Used for real-time location tracking."
BLETags,dbo,"BLE device registry with battery status and location tracking. Key columns: BLETagID (PK), TagNumber, IsAssigned, TagType, IsActive, LastSeen, BatteryLevel, LastSeenLocation. Core table for IoT-based tracking infrastructure."
BusinessRuleLocation,dbo,"Association table linking business rules to specific locations. Key columns: BRLId (PK), BusinessRuleId (FK), LocationId (FK). Relationships: Links BusinessRuleMaster to Location. Enables location-specific rule enforcement."
BusinessRuleMaster,dbo,"Configurable business rules with time and date constraints. Key columns: BusinessRuleId (PK), Name, RuleType, MinMaxValue, IsValidDate, ApplicableStartDate, ApplicableEndDate, TenantId. Used for automated policy enforcement."
BusinessUnits,dbo,"Organizational hierarchy structure for business units. Key columns: UnitId (PK), Name, ParentUnitId (FK). Self-referencing table for organizational management and reporting structures."
CargoMoveHistory,dbo,"Audit trail for cargo movement and status changes. Key columns: MoveId (PK), CargoId (FK), TransactionType, TimeStamp, Description. Relationships: Links to CargoPackage. Tracks cargo lifecycle events."
CargoPackage,dbo,"Comprehensive cargo shipment tracking with sender/receiver details. Key columns: CargoId (PK), CargoNumber, AWB, MAWB, HAWB, SenderName, ConsigneeName, FlightNumber, Status, BinId, TenantId. Central to cargo operations and logistics."
CarrierMaster,dbo,"Airline carrier master data with codes and names. Key columns: CarrierId (PK), CarrierCode, CarrierName, TenantId. Referenced by flight operations for carrier identification."
Contacts,dbo,"Contact information registry for external parties. Key columns: ContactId (PK), FirstName, LastName, Email, IdentityNo, UserId. Used for customer and vendor management."
Countries,dbo,"Global country master data with ISO codes. Key columns: CountryId (PK), CountryName, TwoCharCountryCode, ThreeCharCountryCode. Referenced by airports, organizations, and addresses."
DashboardWidget,dbo,"Dashboard widget configuration and metadata. Key columns: WidgetId (PK), HtmlId, WidgetType, Description. Used for customizable dashboard creation and user interface management."
DataAuditLog,dbo,"System-wide audit logging for all data changes. Key columns: LogId (PK), LogType, LogDate, UserId, TableName, RecordId, FieldName, OldValue, NewValue. Critical for compliance and change tracking."
Department,dbo,"Organizational department master data. Key columns: DepartmentId (PK), DepartmentCode, DepartmentName, TenantId. Referenced by assets, users, and organizational structures."
Exceptions,dbo,"Application error and exception logging system. Key columns: Id (PK), GUID, ApplicationName, CreationDate, Type, Message, Detail, StatusCode. Used for system monitoring and debugging."
FavoriteMenu,dbo,"User-specific favorite menu items and shortcuts. Key columns: Id (PK), Title, URL, CreatedBy. Enhances user experience with personalized navigation."
FileSystem,dbo,"File and document management system. Key columns: Id (PK), FullPath, Filename, Extension, Size, IsDirectory, Contents, CreationTime. Manages document storage and retrieval."
FlightMaster,dbo,"Flight schedule and operations management. Key columns: FlightId (PK), FlightNumber, CarrierId, ETD, ETA, ATD, ATA, AirportFromId, AirportToId, AircraftTypeId, TenantId. Core table for flight operations."
GSEDataV,dbo,"GSE (Ground Support Equipment) device mapping data. Key columns: SNO, IMEINo, AssetNo, Tenant. Links physical devices to asset numbers for tracking."
GSEType_Mapping,dbo,"GSE type to icon mapping for visualization. Key columns: code, Icon_name. Used for user interface representation of equipment types."
IssueOrderDetail,dbo,"Cargo issue order line items. Key columns: DetailId (PK), IssueId (FK), CargoId (FK). Relationships: Links to IssueOrderMaster and CargoPackage. Manages cargo release operations."
IssueOrderMaster,dbo,"Cargo issue order headers with delivery details. Key columns: IssueId (PK), RecieverName, DeliveryDockNumber, VehicleNumber, Remarks, TenantId. Controls cargo release process."
Languages,dbo,"Multi-language support configuration. Key columns: Id (PK), LanguageId, LanguageName, TenantId. Enables internationalization and localization."
Location,dbo,"Hierarchical location management with geofencing capabilities. Key columns: LocationId (PK), LocationCode, LocationName, LocationTypeId, ParentLocationId, GeoFence, xCoordinate, yCoordinate, TenantId. Central to spatial operations and asset tracking."
LocationType,dbo,"Location type classification system. Key columns: LocationTypeId (PK), Name, Icon, TenantId. Defines categories for different location types."
LookupData,dbo,"Configurable master data with hierarchical structure. Key columns: LookupDataId (PK), Code, Name, LookupCode, ModuleId, ParentId, F1Value-F10Value, TenantId. Flexible system for managing reference data."
LookupMaster,dbo,"Lookup data type definitions and field configurations. Key columns: LookupId (PK), LookupCode, ModuleId, DisplayName, HasParent, F1Name-F10Name, TenantId. Defines structure for configurable lookup tables."
Mail,dbo,"Email queue and delivery tracking system. Key columns: MailId (PK), Subject, Body, MailFrom, MailTo, Status, RetryCount, SentDate. Manages automated email communications."
MapLocation,dbo,"Geographic coordinate mapping for locations on maps. Key columns: MLId (PK), MapId (FK), LocationId (FK), XCoordinate, YCoordinate, TenantId. Links locations to map visualizations."
MapManagement,dbo,"Map image and visualization management. Key columns: MapId (PK), MapName, MapImage, TenantId. Stores map configurations for location visualization."
MasterBeds,dbo,"Hospital bed registry with location coordinates. Key columns: BedID (PK), LocationID, BedNumber, IsActive, xAxis, yAxis, IsReserved. Used in healthcare facility management."
MasterBlock,dbo,"Building block/wing management in facilities. Key columns: BlockID (PK), BlockName, BlockPlanSrcPath, IsActive, BuildingID. Part of hierarchical facility structure."
MasterBuilding,dbo,"Building registry for organizational facilities. Key columns: BuildingID (PK), OrganizationId, BuildingCode, BuildingName, isActive. Top level of facility hierarchy."
MasterCity,dbo,"City master data linked to countries. Key columns: CityId (PK), CountryId (FK), CityName. Geographic reference data for addresses and locations."
MasterCountry,dbo,"Country master data with codes. Key columns: CountryId (PK), CountryName, Code. Geographic reference data for international operations."
MasterDepartment,dbo,"Department registry linked to organizations and locations. Key columns: DepartmentID (PK), OrganizationId, LocationId, DepartmentName, IsActive. Organizational structure management."
MasterFloor,dbo,"Floor plans and layouts within buildings. Key columns: FloorID (PK), BuildingId, BlockID, FloorName, FloorPlanSrcPath, IsActive. Facility layout management."
MasterLocation,dbo,"Physical location coordinates within facilities. Key columns: LocationID (PK), FloorID, BlockId, BuildingId, LocationName, X, Y, IsActive. Precise location mapping."
MasterLocationCategory,dbo,"Location category classification. Key columns: MasterLocationCategoryId (PK), MasterLocationCategory. Defines types like Ward, Operation Theater, Reception."
MasterLocations,dbo,"Extended location management with geographic boundaries. Key columns: LocationID (PK), LocationCategoryID, LocationCode, LocationName, LocationTypeID, ParentLocationID, EastX, EastY, WestX, WestY. Advanced spatial management."
MasterLocationType,dbo,"Location type hierarchy definitions. Key columns: MasterLocationTypeID (PK), LocationType, ParentLocationTypeID, IsActive. Hierarchical location classification."
MasterOrganization,dbo,"Organization registry with contact details. Key columns: OrganizationId (PK), OrganizationName, ContactPerson, ContactNumber, ContactEmail, Address, CountryId, CityId. Core organizational data."
Masters,dbo,"Module-specific master data registry. Key columns: MasterID (PK), ModuleID, MasterName, MasterValue. Links master data to specific application modules."
MasterStaff,dbo,"Staff registry with qualifications and contact details. Key columns: StaffID (PK), OrganizationId, StaffCategoryID, UserID, StaffCode, FullName, Designation, Contact1, Email, IsActive. Personnel management."
MasterStaffCategory,dbo,"Staff category and role classification. Key columns: StaffCategoryID (PK), OrganizationId, ParentCategoryID, CategoryName, IsActive. Hierarchical staff classification."
MasterStaffDepartment,dbo,"Staff to department assignment mapping. Key columns: StaffDepartmentID (PK), StaffID (FK), DepartmentID (FK). Many-to-many relationship for staff assignments."
MasterStatus,dbo,"Status definitions for various entities. Key columns: StatusID (PK), OrganizationId, StatusType, Status, IsActive. Configurable status management."
MaterialCategory,dbo,"Material and parts category classification. Key columns: MaterialCategoryId (PK), MaterialTypeName, IsActive, TenantId. Inventory categorization system."
MaterialMaster,dbo,"Material and parts catalog with specifications. Key columns: MaterialMasterId (PK), MaterialNumber, ShortDescription, LongDescription, MaterialCategoryId, ControlType, Length, Width, Height, Weight, TenantId. Inventory management."
MaterialStock,dbo,"Material inventory tracking with serial/batch numbers. Key columns: MaterialStockId (PK), InventoryNumber, MaterialNumber, Quantity, IncomingReference, OutgoingReference, SerialNumber, BatchNumber, ExpiryDate, Status, TenantId. Stock management."
MeetingAgendaRelevant,dbo,"Meeting agenda stakeholder associations. Key columns: AgendaRelevantId (PK), AgendaId (FK), ContactId (FK). Links agenda items to relevant contacts."
MeetingAgendas,dbo,"Meeting agenda items and topics. Key columns: AgendaId (PK), MeetingId (FK), AgendaNumber, Title, Description, AgendaTypeId, RequestedByContactId. Meeting management system."
MeetingAgendaTypes,dbo,"Meeting agenda type classifications. Key columns: AgendaTypeId (PK), Name. Categorizes different types of agenda items."
MeetingAttendees,dbo,"Meeting participant tracking and attendance. Key columns: AttendeeId (PK), MeetingId (FK), ContactId (FK), AttendeeType, AttendanceStatus. Meeting participation management."
MeetingDecisionRelevant,dbo,"Meeting decision stakeholder associations. Key columns: DecisionRelevantId (PK), DecisionId (FK), ContactId (FK). Links decisions to relevant parties."
MeetingDecisions,dbo,"Meeting decisions and action items. Key columns: DecisionId (PK), MeetingId (FK), AgendaId, Description, DecisionNumber, ResponsibleContactId, DueDate, ResolutionStatus. Decision tracking system."
MeetingLocations,dbo,"Meeting venue and location registry. Key columns: LocationId (PK), Name, Address, Latitude, Longitude. Meeting location management."
Meetings,dbo,"Meeting scheduling and management. Key columns: MeetingId (PK), MeetingName, MeetingNumber, MeetingTypeId, StartDate, EndDate, LocationId, OrganizerContactId. Core meeting management."
MeetingTypes,dbo,"Meeting type classifications. Key columns: MeetingTypeId (PK), Name. Categorizes different meeting types."
Module,dbo,"Application module registry. Key columns: ModuleId (PK), Name. Defines functional modules like GSE, Asset, Tool."
NotificationGroup,dbo,"Notification group configuration for alerts. Key columns: NotificationGroupId (PK), GroupName, NotifyOnEmail, NotifyOnWhatsapp, NotifyOnTelegram, NotifyOnSMS. Alert distribution management."
NotificationGroupEventTypes,dbo,"Event types associated with notification groups. Key columns: NotificationGroupEventTypeId (PK), NotificationGroupId (FK), EventTypesId (FK). Links events to notification groups."
NotificationGroupRoles,dbo,"Role-based notification group membership. Key columns: NotificationGroupRoleId (PK), NotificationGroupId (FK), RoleId (FK). Role-based alert distribution."
NotificationGroupUsers,dbo,"User-specific notification group membership. Key columns: NotificationGroupUserId (PK), NotificationGroupId (FK), UserId (FK). User-based alert distribution."
Notifications,dbo,"Flight-related notification and alert system. Key columns: NotificationID (PK), FlightID (FK), NotificationType, ActionDate, DismissReq. Flight operations alerting."
OTSchedule,dbo,"Operating theater scheduling and patient management. Key columns: OTScheduleID (PK), OrganizationId, OpDate, PatientID, Diagnosis, TreatmentProcedure, FromTime, ToTime, StatusID. Healthcare operations scheduling."
OTScheduleStaff,dbo,"Operating theater staff assignment and tracking. Key columns: OTStaffID (PK), OTScheduleID (FK), StaffID (FK), StaffType, IsActive, StatusID, FirstEnterAt, LastExitAt. Healthcare staff management."
Owner,dbo,"Asset owner registry with contact and location details. Key columns: OwnerId (PK), OwnerCode, OwnerName, ContactName, Phone, Email, City, Country, Active, TenantId. Asset ownership management."
OwnerLocationUtilization,dbo,"Location utilization tracking by owner. Key columns: Id (PK), OnwerId, TStamp, LocationId, CurrentCapacity, UtilizedCapacity, CountOfEqp, TenantId. Capacity management analytics."
PalletMaster,dbo,"Pallet tracking and management system. Key columns: PalletId (PK), RFID, Status, ServiceDate, PalletTypeId, BinId, TenantId. Warehouse pallet operations."
PalletType,dbo,"Pallet type specifications and capacity. Key columns: PalletTypeId (PK), Code, Name, Dimension, LoadCapacity, TenantId. Pallet classification system."
Partner,dbo,"Business partner and vendor registry. Key columns: PartnerId (PK), Code, Name, ContactPerson, Email, PhoneNumber, Address, PartnerType, TenantId. Partner relationship management."
PassengerItinerary,dbo,"Passenger booking and travel details. Key columns: PassengerId (PK), ReservationId, LegNumber, PassengerName, Gender, DOB, Phone, Email, FlightId, TenantId. Passenger management system."
PassengerUser,dbo,"Passenger mobile app user accounts. Key columns: UserId (PK), Username, DisplayName, Email, PasswordHash, MobilePhoneNumber, FBToken. Passenger self-service system."
Patients,dbo,"Patient registry with medical and contact information. Key columns: PatientID (PK), FullName, UniqueID, ContactNumber, NationalityID, DoB, Gender, BMI, StatusID. Healthcare patient management."
ReaderMaster,dbo,"RFID/NFC reader device configuration. Key columns: ReaderId (PK), Code, ReaderType, MacAddress, IPAddress, Port, NumberOfAntenna, LocationId, TenantId. IoT reader infrastructure."
RolePermissions,dbo,"Role-based permission assignments. Key columns: RolePermissionId (PK), RoleId (FK), PermissionKey. Security access control system."
Roles,dbo,"User role definitions and hierarchy. Key columns: RoleId (PK), RoleName, RoleKey, TenantId, InsertUserId. Role-based access control."
SavedViews,dbo,"User-customized data views and filters. Key columns: Id (PK), TenantId, UserId, ViewName, TableQuery, Columns, CreatedAt, IsDefault. Personalized data visualization."
ScanPoint,dbo,"Checkpoint and scanning location registry. Key columns: ScanPointId (PK), ScanPoint, ScanType, AirportId, TenantId. Baggage and cargo scanning operations."
ScanPointDetail,dbo,"User access to specific scan points. Key columns: Id (PK), UserId (FK), ScanPointId (FK), TenantId. Access control for scanning operations."
StockCount,dbo,"Inventory stock count scheduling and management. Key columns: StockCountId (PK), ScheduleDate, UserId, Status, CreatedOn. Inventory audit operations."
StockCountAsset,dbo,"Asset verification during stock counts. Key columns: StockCountAssetId (PK), StockCountId (FK), AssetId (FK), Status, CheckedOn, CheckedBy. Asset audit tracking."
SystemSettings,dbo,"System configuration and parameter management. Key columns: Id (PK), SettingName, SettingValue, TenantId. Application configuration system."
TableauGroup,dbo,"Tableau report grouping and organization. Key columns: GroupId (PK), Name, ParentId, ModuleId. Business intelligence report organization."
TableauReport,dbo,"Tableau report registry and access control. Key columns: ReportId (PK), PermissionName, Name, URL, Options, Icon, GroupId, ModuleId. BI report management."
TableauReportTags,dbo,"Report tagging and categorization system. Key columns: TagId (PK), Name, ReportId (FK). Report metadata management."
TableauReportUserAndRole,dbo,"Report access control by user and role. Key columns: Id (PK), ReportId (FK), ReferenceId, ReferenceType. Report security management."
TenantModule,dbo,"Module activation per tenant configuration. Key columns: TenantModuleId (PK), ModuleId (FK), TenantId (FK). Multi-tenant feature control."
Tenants,dbo,"Multi-tenant organization registry. Key columns: TenantId (PK), TenantName, HQ, TenantType, TenantEmail, TenantKey. Multi-tenancy management."
TenantSettings,dbo,"Tenant-specific configuration settings. Key columns: Id (PK), Name, Value, TenantID. Tenant customization system."
TicketAttachments,dbo,"Support ticket file attachments. Key columns: AttachmentId (PK), FileName, TicketHistoryId (FK), FileUrl, UploadedOn. Ticket documentation system."
TicketHistory,dbo,"Support ticket conversation and resolution tracking. Key columns: TicketHistoryId (PK), TicketId (FK), Description, Reply, CreatedOn, CreatedBy. Ticket lifecycle management."
TicketIssueType,dbo,"Support ticket issue type classification. Key columns: IssueTypeId (PK), Name. Ticket categorization system."
TicketPriority,dbo,"Support ticket priority levels. Key columns: PriorityId (PK), Name. Ticket prioritization system."
Tickets,dbo,"Support ticket registry and status tracking. Key columns: TicketId (PK), Title, Description, PriorityId, IssueTypeId, ModuleId, Status, CreatedOn, TenantId, TicketNumber. Help desk system."
TimeZone,dbo,"Global timezone reference data. Key columns: id (PK), TimeZoneName, TimeZoneValue. Timezone management for global operations."
tmpAccessControl,dbo,"Temporary access control data for device synchronization. Key columns: Id (PK), DeviceID, OperatorID, Position, IMEI, CardID. Device access management."
tmpCommands,dbo,"Temporary command queue for device communication. Key columns: Id (PK), DeviceID, Command, PushDate, Response, ResponseDate. IoT device command system."
Tool,dbo,"Tool registry with lifecycle and maintenance tracking. Key columns: ToolId (PK), Description, UniqueId, ToolTypeId, DateOfPurchase, RequireCalibration, Status, LocationId, TenantId. Tool management system."
ToolCategory,dbo,"Tool category classification system. Key columns: ToolCategoryId (PK), Code, Description, IsActive, CanDepreciate, CanReserve, TenantId. Tool categorization."
ToolHistory,dbo,"Tool usage and maintenance history tracking. Key columns: ToolHistoryId (PK), ToolId (FK), Type, Description, CreatedOn, CreatedBy. Tool lifecycle audit."
ToolMaintainenceSchedule,dbo,"Tool maintenance scheduling configuration. Key columns: TMSId (PK), ScheduleName, ScheduleType, NoOfDays, NoOfCycles, TenantId. Preventive maintenance planning."
ToolReservation,dbo,"Tool checkout and reservation system. Key columns: ToolReservationId (PK), ReservationNumber, ToolId (FK), ReservedFrom, ReservedTo, ReservedBy, TenantId. Tool availability management."
Toolset,dbo,"Tool kit and set configuration. Key columns: ToolsetId (PK), Code, Description, CreatedBy, CreatedOn, TenantId. Tool grouping system."
ToolsetDetail,dbo,"Tool kit composition and quantities. Key columns: ToolsetDetailId (PK), ToolsetId (FK), ToolTypeId (FK), Quantity. Tool kit management."
ToolType,dbo,"Tool type specifications and maintenance schedules. Key columns: ToolTypeId (PK), Code, Description, Manufacturer, ModelNumber, TMSId, TenantId. Tool classification system."
TrolleyMaster,dbo,"Trolley tracking and management system. Key columns: TrolleyId (PK), TagId, SerialNumber, TrolleyTypeId, ServiceDate, LastSeenTime, LastSeenLocation, Status, TenantId. Trolley operations."
TrolleyTypeMaster,dbo,"Trolley type classification system. Key columns: TrolleyTypeId (PK), Code, Name, TenantId. Trolley categorization."
UserOwner,dbo,"User to owner association for access control. Key columns: Id (PK), UserId (FK), OwnerId (FK). User-owner relationship management."
UserPermissions,dbo,"User-specific permission overrides. Key columns: UserPermissionId (PK), UserId (FK), PermissionKey, Granted. Granular permission management."
UserPreferences,dbo,"User interface preferences and customizations. Key columns: UserPreferenceId (PK), UserId, PreferenceType, Name, Value. User experience personalization."
UserRoles,dbo,"User to role assignment mapping. Key columns: UserRoleId (PK), UserId (FK), RoleId (FK). Role-based access control assignments."
Users,dbo,"Core user authentication and profile management. Key columns: UserId (PK), Username, DisplayName, Email, PasswordHash, IsActive, MobilePhoneNumber, TenantId, TwoFactorEnabled. User management system."
UserStation,dbo,"User to station/location assignment. Key columns: Id (PK), UserId (FK), StationId (FK). Location-based access control."
UserWidget,dbo,"User dashboard widget configuration. Key columns: UserWidgetId (PK), WidgetId (FK), OrderId, UserId (FK). Personalized dashboard management."
UtilizationHistory,dbo,"Location utilization tracking over time. Key columns: Id (PK), TStamp, LocationID, Utilization, TotalCount. Capacity analytics and reporting."
VersionInfo,dbo,"Database schema version tracking for migrations. Key columns: Version (PK), AppliedOn, Description. Database change management."
Voltage,dbo,"Asset voltage threshold configuration. Key columns: AssetNo, LowVoltage, UnderVoltage, OverVoltage. Equipment monitoring thresholds."
WarehouseMaster,dbo,"Warehouse facility registry and configuration. Key columns: WarehouseId (PK), WarehouseCode, WarehouseName, Image, TenantId. Warehouse management system."
WheelchairMaster,dbo,"Wheelchair tracking and management system. Key columns: WheelchairId (PK), TagId, SerialNumber, WheelchairTypeId, ServiceDate, LastSeenTime, Status, TenantId. Accessibility equipment management."
WheelchairTypeMaster,dbo,"Wheelchair type classification system. Key columns: WheelchairTypeId (PK), Code, Name, TenantId. Wheelchair categorization."
wlog_Currency,dbo,"Work log currency reference data. Key columns: CurrencyCode (PK). Financial currency support for work logging."
wlog_Customer,dbo,"Work log customer registry. Key columns: CustomerId (PK), UserId, Name, HourlyRate, CurrencyCode. Customer billing management."
wlog_Employee,dbo,"Work log employee registry. Key columns: EmployeeId (PK), UserId, Name. Employee time tracking."
wlog_EmployeePricing,dbo,"Employee billing rates by customer and project. Key columns: EmployeePricingId (PK), EmployeeId (FK), CustomerId (FK), ProjectId, HourlyRate, CurrencyCode. Billing rate management."
wlog_Invoice,dbo,"Work log invoice generation and tracking. Key columns: InvoiceId (PK), CustomerId (FK), InvoiceNo, Date, Amount, CurrencyCode. Billing system."
wlog_Project,dbo,"Work log project registry and billing rates. Key columns: ProjectId (PK), CustomerId (FK), Name, EndCustomer, HourlyRate, CurrencyCode. Project management."
wlog_WorkLog,dbo,"Time tracking and work log entries. Key columns: WorkLogId (PK), ProjectId (FK), EmployeeId (FK), Tasks, Description, StartDate, EndDate, Price. Time and billing tracking."
WorkStationMaster,dbo,"Work station configuration and specifications. Key columns: WSId (PK), WSNumber, WSSize, TenantId. Work station management."
WorkStationSchedule,dbo,"Work station scheduling and flight assignments. Key columns: WSSId (PK), WSId (FK), StartDate, EndDate, OperationType, FlightNumber, TenantId. Work station operations."
_TrackingDataDaily,gse,"Daily aggregated tracking data for GSE devices. Key columns: TrackingDataDailyId (PK), DeviceID (FK), LastPingTime, TotalPingCount, LastBatteryLevel, LastFuelLevel, LastValidLatitude, LastValidLongitude, TenantId. IoT device analytics."
AircraftGSE,gse,"Aircraft to GSE equipment mapping and assignments. Key columns: MappingId (PK), Make, Model, Assigned, ResourceCode, TenantId. Aircraft-equipment compatibility matrix."
AircraftMaster,gse,"Aircraft specifications with IATA/ICAO codes. Key columns: AircraftId (PK), IATACode, ICAOCode, AircraftModel, AircraftCategory, TenantId. Aviation industry standard aircraft data."
AirlineMaster,gse,"Airline carrier registry with industry codes. Key columns: AirlineId (PK), Code, Name, TenantId. Aviation industry carrier data."
AssetTrips,gse,"GSE asset trip tracking and analytics. Key columns: TripID (PK), AssetID, StartTime, EndTime, TotalDistance, MaxSpeed, AvgSpeed, Operator, IdleDurationSecs, TotalDriveTimeSecs. Trip analytics and reporting."
AVPHistory,gse,"Airport Vehicle Permit history and compliance tracking. Key columns: AVPHistoryID (PK), GSEID (FK), AVPNumber, IssueDate, ExpiryDate, IssuedBy, StationID, IsCurrent. Regulatory compliance management."
Category,gse,"GSE equipment category classification. Key columns: CategoryID (PK), CategoryName, CategoryCode, CompanyID, AssetType, TenantId. Equipment categorization system."
ContractEquipment,gse,"Contract-based equipment allocation and scheduling. Key columns: TID (PK), ContractFlightId, ContractID, AssetTypeID, AssetCount, ActivityType, StartPhase, EndPhase, TenantId. Contract management."
ContractFlight,gse,"Contract flight specifications and requirements. Key columns: ContractFlightId (PK), AirlineId, FlightDuration, MissionType, AircraftId, ContractId, TenantId. Flight contract management."
Contracts,gse,"Service contract registry and lifecycle management. Key columns: ContractID (PK), ContractName, ContractType, StartDate, EndDate, InvoicingPeriod, Status, TenantId. Contract administration."
ContractVersion,gse,"Contract version control and change tracking. Key columns: ContractVerId (PK), ContractId (FK), VersionNo, VersionDescription, CreatedDate, CreatedBy. Contract versioning system."
DashBoardChartsDaily,gse,"Daily dashboard metrics for GSE operations. Key columns: DashBoardChartsDailyId (PK), DeviceID, DeviceName, FuelConsumption, Mileage, EngineHours, AverageSpeed, MaximumSpeed. Operational analytics."
DashBoardSummary,gse,"Real-time dashboard summary for GSE fleet. Key columns: DashBoardSummaryId (PK), DeviceID, DeviceName, MessageOn, ConnectionState, LastMessageOn, LastPositionLocation. Fleet status monitoring."
DemandForecasting,gse,"GSE demand forecasting and capacity planning. Key columns: AutoID (PK), GSETypeID, GSETypeName, TimeSlot, Count, TenantId. Predictive analytics for resource planning."
DeviceDetails,gse,"IoT device configuration and sensor specifications. Key columns: DeviceID (PK), IMEINumber, CompanyID, TimeZoneId, DeviceType, LastSeenTime, LastSeenLocation, EnginePort, FuelPort, TenantId. IoT device management."
DeviceEvents,gse,"Real-time device event streaming and alerting. Key columns: Id (PK), DeviceID, EventType, EventTime, ELatitude, ELongitude, EventData, isAlarm, AssetID, EngineStatus, OpStatus. Event-driven monitoring."
DeviceEventsTemp,gse,"Temporary device event staging table. Key columns: Id (PK), DeviceID, EventType, EventTime, ELatitude, ELongitude, EventData, isAlarm, AssetID. Event processing pipeline."
DeviceLog,gse,"Historical device telemetry and GPS tracking data. Key columns: Id (PK), DeviceID, Latitude, Longitude, Heading, Speed, DriverID, TStamp, GPSTime, AssetID, LocationID. Telemetry data warehouse."
DevicePeriodEvents,gse,"Device state change events with duration tracking. Key columns: Id (PK), DeviceID, EventType, StartTime, EndTime, StartLat, StartLong, EndLat, EndLong, EventData, AssetID. State transition analytics."
DeviceThreshold,gse,"Device alert threshold configuration. Key columns: Id (PK), DeviceTypeID, SignalType, ShouldRemainForSecs, ConditionExpression, LowValue, HighValue, EventID. Alert configuration system."
DriverActivityDaily,gse,"Daily driver activity and performance metrics. Key columns: DriverActivityDailyDailyId (PK), DriverID, Beginning, End, TotalDuration, DrivingDuration, IdleDuration, Mileage, TenantId. Driver performance analytics."
DriverAllocation,gse,"Driver to asset assignment and scheduling. Key columns: DriverAllocationId (PK), DriverID (FK), AssetId, StartDate, EndDate, Active, TenantId, ResourceCode. Driver resource management."
DriverAssessment,gse,"Driver performance assessment and scoring. Key columns: DriverAssessmentId (PK), DriverID, DriverName, VehicleID, Rating, Violations, Duration, Mileage, Trips, TenantId. Driver evaluation system."
DriverDetails,gse,"Driver registry with licenses and certifications. Key columns: DriverID (PK), DriverName, DoB, LicenseNo, LicenseType, ExpiryDate, BadgeID, CardID, Email, Phone, CompanyID, TenantId. Driver management system."
DriverGroupAllocation,gse,"Driver group assignment for access control. Key columns: DriverGroupId (PK), DriverID (FK), TenantId, GSEGroupId. Group-based driver management."
DriverGSEType,gse,"Driver certification for specific GSE types. Key columns: DriverGSETypeId (PK), DriverId (FK), GSETypeID (FK). Driver qualification tracking."
DrivingLogBook,gse,"Driver logbook entries and trip records. Key columns: DrivingLogBookId (PK), Beginning, End, Duration, InitialLocation, FinalLocation, Mileage, DriverID, FlightNo, MissionID, TenantId. Driver activity logging."
EngagementStandards,gse,"Service level standards and engagement rules. Key columns: StandardId (PK), CategoryCode, Eng_Std_Phase, Eng_Std_BeginType, Eng_Std_BeginMint, Eng_Std_EndType, Eng_Std_EndMint, ResourceUnits, TenantId. Service standard definitions."
EquipmentMaintenanceThresholds,gse,"Equipment-specific maintenance threshold overrides. Key columns: ThresholdID (PK), GSEID (FK), MaintenanceTypeID (FK), CustomUsageThreshold. Maintenance customization."
EventTypes,gse,"Event type definitions for device monitoring. Key columns: Id (PK), EventName, isAlarm, EventColor, TenantId, TriggerOn, EmailMsg, SMSMsg. Event configuration system."
ExcepFuel,gse,"Fuel level exception tracking and alerts. Key columns: FuelExceptionId (PK), VehicleID, AssetID, GSEType, FuelLevel, Status, GeoLocation, ExceptionNotes, TenantId. Fuel monitoring system."
ExcepMaintenance,gse,"Maintenance exception tracking and overdue alerts. Key columns: MaintExceptionId (PK), VehicleID, AssetID, DueOnDate, DueDays, MaintenanceStatus, ExceptionNotes, GSEType, TenantId. Maintenance compliance monitoring."